City_ID,City,Lat,Lng,Max Temp,Current Description,Humidity,Cloudiness,Wind Speed,Country,Date
0,Hasaki,35.7333,140.8333,73.0,clear sky,45,0,12.66,JP,2021-04-21 06:37:45
1,Hovd,48.0056,91.6419,39.11,broken clouds,50,80,11.7,MN,2021-04-21 06:37:46
2,Bangolo,7.0069,-7.475,72.55,moderate rain,99,100,0.87,CI,2021-04-21 06:37:46
3,Qaanaaq,77.484,-69.3632,0.86,overcast clouds,75,100,10.31,GL,2021-04-21 06:37:46
4,Srednekolymsk,67.45,153.6833,36.25,few clouds,91,16,10.94,RU,2021-04-21 06:37:47
5,Dalvik,65.9702,-18.5286,39.2,overcast clouds,60,90,9.22,IS,2021-04-21 06:37:47
6,Hueytamalco,19.95,-97.2667,64.89,overcast clouds,96,100,0.85,MX,2021-04-21 06:37:48
7,Abu Samrah,35.3029,37.1841,72.23,few clouds,26,16,10.36,SY,2021-04-21 06:37:48
8,Geraldton,-28.7667,114.6,86.0,clear sky,19,3,11.5,AU,2021-04-21 06:34:02
9,Bredasdorp,-34.5322,20.0403,59.0,overcast clouds,94,100,2.3,ZA,2021-04-21 06:37:49
10,Cidreira,-30.1811,-50.2056,69.91,scattered clouds,76,44,16.82,BR,2021-04-21 06:37:49
11,Thompson,55.7435,-97.8558,24.8,clear sky,93,1,2.3,CA,2021-04-21 06:36:54
12,Vitim,59.4511,112.5578,27.43,light snow,72,100,10.22,RU,2021-04-21 06:37:50
13,Punta Arenas,-53.15,-70.9167,33.8,clear sky,75,0,5.75,CL,2021-04-21 06:37:50
14,Nikki,9.9401,3.2108,80.02,broken clouds,70,74,10.25,BJ,2021-04-21 06:37:50
15,Northam,51.0333,-4.2167,48.99,broken clouds,91,80,7.36,GB,2021-04-21 06:37:51
16,Ancud,-41.8697,-73.8203,46.4,fog,100,90,4.61,CL,2021-04-21 06:37:51
17,Pevek,69.7008,170.3133,29.66,clear sky,71,0,19.26,RU,2021-04-21 06:37:52
18,Vaini,-21.2,-175.2,77.0,scattered clouds,94,40,2.3,TO,2021-04-21 06:37:52
19,Bluff,-46.6,168.3333,48.0,overcast clouds,95,100,7.0,NZ,2021-04-21 06:37:53
20,Codrington,-38.2667,141.9667,53.92,overcast clouds,61,100,14.58,AU,2021-04-21 06:37:53
21,Jamestown,42.097,-79.2353,33.01,light snow,93,90,11.5,US,2021-04-21 06:37:53
22,Lorengau,-2.0226,147.2712,83.05,overcast clouds,80,100,10.45,PG,2021-04-21 06:37:54
23,Nurota,40.5614,65.6886,59.0,clear sky,47,0,13.8,UZ,2021-04-21 06:37:54
24,Port Blair,11.6667,92.75,87.8,few clouds,66,20,4.61,IN,2021-04-21 06:37:54
25,Nikolskoye,59.7035,30.7861,44.01,overcast clouds,65,100,11.18,RU,2021-04-21 06:37:55
26,Nuuk,64.1835,-51.7216,30.2,few clouds,93,20,16.11,GL,2021-04-21 06:37:55
27,Alofi,-19.0595,-169.9187,78.8,broken clouds,94,55,3.44,NU,2021-04-21 06:37:56
28,Cherskiy,68.75,161.3,36.5,overcast clouds,75,97,23.2,RU,2021-04-21 06:37:56
29,San Patricio,28.017,-97.5169,63.0,broken clouds,82,75,11.5,US,2021-04-21 06:37:56
30,Klaksvik,62.2266,-6.589,37.4,broken clouds,81,75,2.3,FO,2021-04-21 06:37:57
31,Puerto Ayora,-0.7393,-90.3518,75.0,overcast clouds,98,96,1.01,EC,2021-04-21 06:37:57
32,Zhicheng,30.2956,111.5047,64.99,moderate rain,81,100,1.57,CN,2021-04-21 06:37:58
33,Hobart,-42.8794,147.3294,55.99,clear sky,44,0,16.11,AU,2021-04-21 06:33:19
34,Busselton,-33.65,115.3333,69.01,clear sky,68,0,3.0,AU,2021-04-21 06:33:23
35,Kamenka,51.3223,42.7678,50.0,overcast clouds,89,99,19.33,RU,2021-04-21 06:37:59
36,Te Anau,-45.4167,167.7167,51.53,overcast clouds,90,89,3.71,NZ,2021-04-21 06:34:19
37,Saint George,37.1041,-113.5841,69.01,clear sky,14,1,9.22,US,2021-04-21 06:36:59
38,Mataura,-46.1927,168.8643,48.0,light rain,95,100,7.0,NZ,2021-04-21 06:38:00
39,Kapaa,22.0752,-159.319,73.4,few clouds,83,20,3.44,US,2021-04-21 06:38:00
40,Kaitangata,-46.2817,169.8464,55.0,overcast clouds,87,100,11.01,NZ,2021-04-21 06:38:00
41,Port Alfred,-33.5906,26.891,70.84,broken clouds,69,84,10.89,ZA,2021-04-21 06:38:01
42,Jijiga,9.35,42.8,75.18,overcast clouds,44,94,8.99,ET,2021-04-21 06:38:01
43,Kintampo,8.0563,-1.7306,75.54,overcast clouds,83,100,6.11,GH,2021-04-21 06:38:01
44,Hermanus,-34.4187,19.2345,65.64,broken clouds,77,73,8.28,ZA,2021-04-21 06:38:02
45,Arraial Do Cabo,-22.9661,-42.0278,72.93,broken clouds,81,82,26.02,BR,2021-04-21 06:38:02
46,Qostanay,53.1667,63.5833,53.6,clear sky,22,0,8.95,KZ,2021-04-21 06:38:03
47,Hilo,19.7297,-155.09,75.2,overcast clouds,73,90,3.31,US,2021-04-21 06:38:03
48,Ohara,35.25,140.3833,73.0,clear sky,45,0,12.66,JP,2021-04-21 06:38:03
49,Iwanai,42.9744,140.5089,45.07,clear sky,47,0,10.02,JP,2021-04-21 06:38:04
50,Azanka,58.0401,64.7893,47.95,overcast clouds,59,94,4.79,RU,2021-04-21 06:38:04
51,Vila Franca Do Campo,37.7167,-25.4333,60.8,scattered clouds,94,40,13.8,PT,2021-04-21 06:37:02
52,Amuntai,-2.4177,115.2494,94.93,broken clouds,39,79,3.22,ID,2021-04-21 06:38:05
53,Albany,42.6001,-73.9662,42.01,overcast clouds,72,100,3.31,US,2021-04-21 06:35:44
54,Huayucachi,-12.1333,-75.2333,48.02,overcast clouds,86,86,0.13,PE,2021-04-21 06:38:05
55,Ushuaia,-54.8,-68.3,44.6,few clouds,57,20,14.97,AR,2021-04-21 06:38:06
56,Los Llanos De Aridane,28.6585,-17.9182,68.0,broken clouds,73,75,8.05,ES,2021-04-21 06:36:08
57,Otjimbingwe,-22.35,16.1333,71.8,clear sky,27,4,13.02,NA,2021-04-21 06:38:07
58,Constitucion,-35.3333,-72.4167,57.9,light rain,83,97,14.65,CL,2021-04-21 06:38:07
59,Tura,25.5198,90.2201,94.68,clear sky,32,6,6.02,IN,2021-04-21 06:38:08
60,Port Lincoln,-34.7333,135.8667,59.94,overcast clouds,58,100,13.11,AU,2021-04-21 06:38:08
61,Avarua,-21.2078,-159.775,75.2,light rain,88,75,8.05,CK,2021-04-21 06:38:09
62,Lisakovsk,52.5369,62.4936,50.16,clear sky,34,0,7.43,KZ,2021-04-21 06:38:09
63,Mar Del Plata,-38.0023,-57.5575,68.0,clear sky,82,0,10.36,AR,2021-04-21 06:38:09
64,La Ronge,55.1001,-105.2842,37.4,overcast clouds,44,95,4.61,CA,2021-04-21 06:38:10
65,Acapulco,16.8634,-99.8901,75.96,clear sky,61,5,4.32,MX,2021-04-21 06:33:19
66,Saskylakh,71.9167,114.0833,10.04,overcast clouds,83,94,4.92,RU,2021-04-21 06:38:10
67,Olhao,37.0286,-7.8411,55.4,clear sky,88,0,2.3,PT,2021-04-21 06:38:11
68,East London,-33.0153,27.9116,66.2,clear sky,82,0,2.3,ZA,2021-04-21 06:38:11
69,Fort Morgan,40.2503,-103.8,30.2,overcast clouds,59,90,9.22,US,2021-04-21 06:38:11
70,Chitipa,-9.7024,33.2697,65.91,light rain,85,99,5.97,MW,2021-04-21 06:38:12
71,Tasiilaq,65.6145,-37.6368,21.2,broken clouds,68,75,1.14,GL,2021-04-21 06:38:12
72,Cape Town,-33.9258,18.4232,55.4,clear sky,94,0,1.14,ZA,2021-04-21 06:38:13
73,Atambua,-9.1061,124.8925,78.48,broken clouds,74,84,3.36,ID,2021-04-21 06:38:13
74,Yellowknife,62.456,-114.3525,35.6,clear sky,69,1,10.36,CA,2021-04-21 06:38:14
75,Narsaq,60.9167,-46.05,46.4,broken clouds,31,75,20.71,GL,2021-04-21 06:38:14
76,Saint-Augustin,51.226,-58.6502,35.64,overcast clouds,82,100,1.52,CA,2021-04-21 06:38:14
77,Berlevag,70.8578,29.0864,42.8,clear sky,56,0,25.32,NO,2021-04-21 06:38:15
78,Lahad Datu,5.0268,118.327,85.28,overcast clouds,67,96,7.16,MY,2021-04-21 06:38:15
79,General Jose Eduvigis Diaz,-27.1667,-58.4167,69.8,clear sky,88,0,9.22,PY,2021-04-21 06:38:16
80,Takhtamygda,54.1,123.5667,51.15,overcast clouds,52,91,5.41,RU,2021-04-21 06:38:16
81,Volkhov,59.9258,32.3382,42.01,moderate rain,30,100,6.31,RU,2021-04-21 06:38:16
82,Norman Wells,65.282,-126.8329,23.0,light snow,86,90,20.71,CA,2021-04-21 06:38:17
83,Longyearbyen,78.2186,15.6401,21.2,scattered clouds,68,40,6.91,SJ,2021-04-21 06:38:17
84,Rikitea,-23.1203,-134.9692,76.57,light rain,76,22,4.94,PF,2021-04-21 06:37:53
85,Bethel,41.3712,-73.414,48.99,clear sky,76,1,3.44,US,2021-04-21 06:38:18
86,College,64.8569,-147.8028,39.2,scattered clouds,35,40,6.91,US,2021-04-21 06:38:18
87,Chokurdakh,70.6333,147.9167,25.88,overcast clouds,93,100,6.46,RU,2021-04-21 06:38:19
88,Jalu,29.0331,21.5482,66.45,clear sky,37,6,12.21,LY,2021-04-21 06:38:19
89,Castro,-24.7911,-50.0119,53.24,overcast clouds,95,96,6.69,BR,2021-04-21 06:38:19
90,Beringovskiy,63.05,179.3167,20.46,scattered clouds,91,49,0.98,RU,2021-04-21 06:38:20
91,Paamiut,61.994,-49.6678,25.48,clear sky,64,0,7.7,GL,2021-04-21 06:38:20
92,Kavieng,-2.5744,150.7967,83.43,overcast clouds,73,99,10.51,PG,2021-04-21 06:38:20
93,Iracoubo,5.4802,-53.2011,76.06,moderate rain,85,100,6.82,GF,2021-04-21 06:38:21
94,Torbay,47.6666,-52.7314,35.01,light rain,100,90,17.27,CA,2021-04-21 06:38:21
95,Vradiyivka,47.862,30.5919,52.88,scattered clouds,59,26,8.37,UA,2021-04-21 06:38:22
96,Atuona,-9.8,-139.0333,80.71,light rain,75,47,21.99,PF,2021-04-21 06:38:22
97,Tsagan Aman,47.5639,46.7218,57.85,light rain,69,100,7.34,RU,2021-04-21 06:38:22
98,Camana,-16.6228,-72.7111,67.77,clear sky,89,2,6.53,PE,2021-04-21 06:38:23
99,Manacapuru,-3.2997,-60.6206,73.4,broken clouds,100,75,2.3,BR,2021-04-21 06:38:23
100,Amahai,-3.3333,128.9167,82.27,light rain,80,95,5.79,ID,2021-04-21 06:38:23
101,Morondava,-20.2833,44.2833,81.93,overcast clouds,63,100,7.54,MG,2021-04-21 06:38:24
102,Severo-Kurilsk,50.6789,156.125,34.66,overcast clouds,95,100,21.88,RU,2021-04-21 06:38:24
103,La Seyne-Sur-Mer,43.0982,5.8847,55.99,overcast clouds,82,100,5.99,FR,2021-04-21 06:38:25
104,Najran,17.4924,44.1277,82.4,clear sky,14,0,6.91,SA,2021-04-21 06:38:25
105,Kieta,-6.2167,155.6333,82.72,light rain,76,89,1.43,PG,2021-04-21 06:38:25
106,Gambela,8.25,34.5833,92.41,broken clouds,35,66,5.88,ET,2021-04-21 06:38:26
107,Sherlovaya Gora,50.5667,116.25,73.11,clear sky,9,0,8.81,RU,2021-04-21 06:38:27
108,Georgetown,5.4112,100.3354,89.6,few clouds,74,20,5.75,MY,2021-04-21 06:38:27
109,Salalah,17.0151,54.0924,86.0,clear sky,62,0,4.61,OM,2021-04-21 06:33:56
110,Korla,41.7597,86.1469,75.83,overcast clouds,17,100,17.31,CN,2021-04-21 06:38:28
111,Novikovo,51.1537,37.8879,44.51,overcast clouds,81,100,9.78,RU,2021-04-21 06:38:28
112,Chuy,-33.6971,-53.4616,66.52,clear sky,72,0,11.86,UY,2021-04-21 06:38:29
113,Nanortalik,60.1432,-45.2371,35.82,overcast clouds,76,100,4.36,GL,2021-04-21 06:38:29
114,Puerto Escondido,15.85,-97.0667,78.57,overcast clouds,64,100,4.81,MX,2021-04-21 06:38:29
115,Anyang,36.0994,114.3289,51.51,overcast clouds,87,100,7.2,CN,2021-04-21 06:38:30
116,Waltershausen,50.9,10.5667,50.0,clear sky,80,0,5.01,DE,2021-04-21 06:38:30
117,Manakara,-22.1333,48.0167,77.58,broken clouds,67,78,3.98,MG,2021-04-21 06:38:31
118,Khatanga,71.9667,102.5,12.06,overcast clouds,84,100,8.03,RU,2021-04-21 06:38:31
119,Rheda-Wiedenbruck,51.8497,8.3002,46.0,clear sky,86,1,2.44,DE,2021-04-21 06:38:31
120,Anadyr,64.75,177.4833,19.4,few clouds,93,20,2.19,RU,2021-04-21 06:38:32
121,Port Hardy,50.6996,-127.4199,48.2,few clouds,100,20,4.61,CA,2021-04-21 06:38:32
122,Sao Jose Do Belmonte,-7.8614,-38.7597,67.6,overcast clouds,91,86,2.8,BR,2021-04-21 06:38:33
123,Puri,19.8,85.85,96.8,haze,49,40,9.22,IN,2021-04-21 06:38:33
124,Tuatapere,-46.1333,167.6833,48.0,overcast clouds,95,100,7.0,NZ,2021-04-21 06:38:33
125,Santa Maria,-29.6842,-53.8069,57.42,clear sky,96,2,7.38,BR,2021-04-21 06:38:34
126,Maarianhamina,60.0973,19.9348,46.4,clear sky,46,0,8.05,AX,2021-04-21 06:38:34
127,Saint-Philippe,-21.3585,55.7679,78.8,light rain,83,75,11.5,RE,2021-04-21 06:38:34
128,Yinchuan,38.4681,106.2731,70.99,overcast clouds,32,87,5.82,CN,2021-04-21 06:38:35
129,Mahebourg,-20.4081,57.7,82.4,light rain,74,75,13.8,MU,2021-04-21 06:38:35
130,Bambous Virieux,-20.3428,57.7575,82.4,light rain,74,75,13.8,MU,2021-04-21 06:38:36
131,Poum,-20.2333,164.0167,78.37,scattered clouds,79,43,8.37,NC,2021-04-21 06:38:36
132,Havre-Saint-Pierre,50.2334,-63.5986,32.0,snow,100,90,5.75,CA,2021-04-21 06:38:37
133,Luganville,-15.5333,167.1667,81.23,overcast clouds,82,100,5.26,VU,2021-04-21 06:38:37
134,San Ignacio,17.1561,-89.0714,77.0,broken clouds,88,75,4.61,BZ,2021-04-21 06:38:37
135,Kodiak,57.79,-152.4072,41.0,overcast clouds,87,90,13.8,US,2021-04-21 06:38:38
136,Denpasar,-8.65,115.2167,86.0,scattered clouds,66,40,11.5,ID,2021-04-21 06:38:38
137,Ulladulla,-35.35,150.4667,64.4,clear sky,48,0,11.5,AU,2021-04-21 06:38:38
138,Cabo San Lucas,22.8909,-109.9124,66.99,clear sky,76,3,5.86,MX,2021-04-21 06:38:39
139,Lebu,-37.6167,-73.65,54.03,overcast clouds,94,99,8.25,CL,2021-04-21 06:38:39
140,Port-Cartier,50.0334,-66.8654,37.99,overcast clouds,100,90,4.61,CA,2021-04-21 06:38:40
141,Kalmunai,7.4167,81.8167,88.54,broken clouds,58,59,8.32,LK,2021-04-21 06:38:40
142,Kroya,-7.6331,109.2461,86.32,clear sky,58,4,11.48,ID,2021-04-21 06:38:40
143,Kununurra,-15.7667,128.7333,93.2,scattered clouds,26,40,9.22,AU,2021-04-21 06:37:12
144,Airai,-8.9266,125.4092,66.87,overcast clouds,81,100,1.99,TL,2021-04-21 06:38:41
145,Makasar,-5.14,119.4221,87.8,few clouds,58,20,9.22,ID,2021-04-21 06:37:42
146,Cap Malheureux,-19.9842,57.6142,81.0,overcast clouds,77,100,10.0,MU,2021-04-21 06:38:42
147,Cururupu,-1.8283,-44.8683,72.95,overcast clouds,97,100,1.83,BR,2021-04-21 06:38:42
148,Ponta Do Sol,32.6667,-17.1,57.0,broken clouds,69,81,3.0,PT,2021-04-21 06:38:42
149,Sokolo,14.7328,-6.1219,85.1,broken clouds,12,68,7.31,ML,2021-04-21 06:38:43
150,Nadym,65.5333,72.5167,26.92,overcast clouds,85,89,13.06,RU,2021-04-21 06:36:55
151,Victoria,22.2855,114.1577,80.6,few clouds,54,20,13.8,HK,2021-04-21 06:36:36
152,Zhuanghe,39.7008,122.9911,58.98,overcast clouds,44,100,6.73,CN,2021-04-21 06:38:43
153,Parys,48.8534,2.3488,48.99,clear sky,76,0,4.61,FR,2021-04-21 06:38:44
154,Madimba,-10.4,40.3333,77.0,few clouds,78,20,23.02,TZ,2021-04-21 06:38:44
155,Upernavik,72.7868,-56.1549,5.56,overcast clouds,86,94,6.69,GL,2021-04-21 06:38:45
156,Morant Bay,17.8815,-76.4093,78.8,few clouds,69,20,9.22,JM,2021-04-21 06:38:45
157,Nouadhibou,20.931,-17.0347,62.6,clear sky,88,0,17.27,MR,2021-04-21 06:38:46
158,Shelburne,44.0787,-80.2041,32.0,overcast clouds,82,100,8.25,CA,2021-04-21 06:38:46
159,Albury,-36.0833,146.9167,60.8,clear sky,41,2,4.61,AU,2021-04-21 06:38:37
160,Carnarvon,-24.8667,113.6333,86.0,overcast clouds,48,100,12.66,AU,2021-04-21 06:38:47
161,Huambo,-12.7761,15.7392,63.19,few clouds,64,22,5.12,AO,2021-04-21 06:38:47
162,Biberach,48.0934,9.7905,42.01,mist,87,1,2.3,DE,2021-04-21 06:38:47
163,Camargo,27.6667,-105.1667,64.62,few clouds,22,23,6.44,MX,2021-04-21 06:38:48
164,Tiksi,71.6872,128.8694,17.98,light snow,93,100,12.06,RU,2021-04-21 06:38:48
165,Talavera De La Reina,39.9635,-4.8308,51.84,overcast clouds,75,100,2.75,ES,2021-04-21 06:38:49
166,Brigg,53.552,-0.4921,48.2,broken clouds,76,75,16.11,GB,2021-04-21 06:38:49
167,New Norfolk,-42.7826,147.0587,55.0,overcast clouds,61,88,5.01,AU,2021-04-21 06:38:49
168,Bagdarin,54.4333,113.6,36.75,overcast clouds,65,100,7.02,RU,2021-04-21 06:38:50
169,Grand Gaube,-20.0064,57.6608,81.0,overcast clouds,77,99,10.0,MU,2021-04-21 06:38:50
170,Del Rio,29.3627,-100.8968,60.8,clear sky,41,1,4.61,US,2021-04-21 06:34:58
171,Asbe Teferi,9.0833,40.8667,75.52,overcast clouds,43,99,5.28,ET,2021-04-21 06:38:51
172,Butaritari,3.0707,172.7902,82.69,light rain,77,100,18.99,KI,2021-04-21 06:38:51
173,Souillac,-20.5167,57.5167,82.4,light rain,74,75,13.8,MU,2021-04-21 06:38:51
174,Pemangkat,1.1667,108.9667,85.5,clear sky,65,7,8.66,ID,2021-04-21 06:38:52
175,Saint-Paul,-21.0096,55.2707,80.6,broken clouds,74,75,14.97,RE,2021-04-21 06:38:52
176,Semnan,35.5729,53.3971,81.54,scattered clouds,16,50,5.91,IR,2021-04-21 06:38:52
177,Dikson,73.5069,80.5464,19.29,overcast clouds,92,100,22.41,RU,2021-04-21 06:38:53
178,Gannavaram,16.5333,80.8,98.6,scattered clouds,47,40,4.61,IN,2021-04-21 06:38:53
179,General Pico,-35.6566,-63.7568,63.23,broken clouds,75,84,18.57,AR,2021-04-21 06:36:16
180,Raudeberg,61.9875,5.1352,37.99,overcast clouds,94,100,26.19,NO,2021-04-21 06:38:54
181,Leningradskiy,69.3833,178.4167,28.74,clear sky,71,5,8.39,RU,2021-04-21 06:38:54
182,Husavik,66.0449,-17.3389,39.2,overcast clouds,60,90,9.22,IS,2021-04-21 06:38:55
183,Pundaguitan,6.3711,126.1689,84.34,overcast clouds,69,98,10.6,PH,2021-04-21 06:38:55
184,Roald,62.5833,6.1333,39.2,light rain,87,75,18.41,NO,2021-04-21 06:38:56
185,Ghanzi,-21.5667,21.7833,64.04,clear sky,45,0,13.94,BW,2021-04-21 06:38:56
186,Fortuna,40.5982,-124.1573,50.0,overcast clouds,88,89,5.32,US,2021-04-21 06:38:56
187,Vao,-22.6667,167.4833,73.71,clear sky,68,5,9.26,NC,2021-04-21 06:38:57
188,Richards Bay,-28.783,32.0377,71.76,clear sky,69,8,6.62,ZA,2021-04-21 06:38:57
189,Lavumisa,-27.31,31.892,59.0,clear sky,100,0,2.82,SZ,2021-04-21 06:38:57
190,Urumqi,43.801,87.6005,66.2,clear sky,34,0,8.95,CN,2021-04-21 06:36:10
191,Brae,60.3964,-1.353,41.0,few clouds,56,20,14.97,GB,2021-04-21 06:38:58
192,Greymouth,-42.4667,171.2,54.63,few clouds,85,11,6.46,NZ,2021-04-21 06:38:58
193,Paita,-5.0892,-81.1144,70.36,overcast clouds,76,99,12.86,PE,2021-04-21 06:38:59
194,Hirara,24.8,125.2833,71.6,broken clouds,100,75,13.8,JP,2021-04-21 06:38:59
195,Henties Bay,-22.116,14.2845,71.01,few clouds,75,12,3.4,NA,2021-04-21 06:39:00
196,Galle,6.0367,80.217,84.81,overcast clouds,67,100,10.51,LK,2021-04-21 06:39:00
197,Kalabo,-14.97,22.6814,70.63,clear sky,56,1,9.46,ZM,2021-04-21 06:39:00
198,Tineo,43.3376,-6.4145,55.0,broken clouds,87,75,1.14,ES,2021-04-21 06:39:01
199,Bud,39.447,-86.1758,30.0,few clouds,97,23,7.27,US,2021-04-21 06:39:01
200,Graulhet,43.7669,1.9894,53.6,overcast clouds,76,96,12.66,FR,2021-04-21 06:39:02
201,Lumeje,-11.55,20.7833,69.24,scattered clouds,61,44,7.96,AO,2021-04-21 06:39:02
202,Comodoro Rivadavia,-45.8667,-67.5,53.6,moderate rain,87,90,6.29,AR,2021-04-21 06:39:02
203,Tahta,26.7693,31.5021,78.8,clear sky,34,0,8.05,EG,2021-04-21 06:39:03
204,Tuktoyaktuk,69.4541,-133.0374,14.0,snow,79,90,19.57,CA,2021-04-21 06:39:03
205,Namibe,-15.1961,12.1522,82.65,few clouds,71,20,4.76,AO,2021-04-21 06:39:04
206,Znamenskoye,57.1281,73.8282,32.76,overcast clouds,62,100,11.21,RU,2021-04-21 06:39:04
207,Clyde River,70.4692,-68.5914,-2.2,broken clouds,92,75,3.44,CA,2021-04-21 06:39:04
208,Lavrentiya,65.5833,-171.0,23.45,overcast clouds,69,100,6.67,RU,2021-04-21 06:39:05
209,Alta Floresta,-9.8756,-56.0861,68.83,overcast clouds,98,98,2.13,BR,2021-04-21 06:39:05
210,Esso,55.9333,158.7,32.47,overcast clouds,94,100,7.56,RU,2021-04-21 06:39:06
211,Dukat,62.55,155.55,26.8,overcast clouds,86,100,8.55,RU,2021-04-21 06:39:06
212,Mabaruma,8.2,-59.7833,70.11,broken clouds,96,52,1.72,GY,2021-04-21 06:39:06
213,Bardiyah,31.7561,25.0865,61.75,clear sky,63,4,8.05,LY,2021-04-21 06:39:07
214,Jiayuguan,39.8167,98.3,71.67,overcast clouds,10,91,10.65,CN,2021-04-21 06:39:07
215,Komsomolskiy,40.4272,71.7189,60.8,scattered clouds,59,40,6.91,UZ,2021-04-21 06:39:07
216,Bengkulu,-3.8004,102.2655,83.7,overcast clouds,75,100,7.23,ID,2021-04-21 06:39:08
217,Bijie,27.3125,105.2942,71.26,scattered clouds,52,46,2.57,CN,2021-04-21 06:39:08
218,Maneadero,31.7167,-116.5667,57.0,broken clouds,79,68,5.01,MX,2021-04-21 06:39:09
219,Pochutla,15.7432,-96.4661,75.0,overcast clouds,80,100,1.25,MX,2021-04-21 06:39:09
220,Tabuk,17.4189,121.4443,83.08,overcast clouds,66,100,14.41,PH,2021-04-21 06:39:10
221,Phan Thiet,10.9333,108.1,87.42,broken clouds,66,63,10.2,VN,2021-04-21 06:37:56
222,Pisco,-13.7,-76.2167,66.2,smoke,82,4,4.61,PE,2021-04-21 06:39:10
223,Barrow,71.2906,-156.7887,17.6,overcast clouds,79,90,6.91,US,2021-04-21 06:39:10
224,Puerto Leguizamo,-0.1934,-74.7819,69.78,overcast clouds,98,98,1.34,CO,2021-04-21 06:39:11
225,Craigieburn,-37.6,144.95,57.2,clear sky,41,0,10.36,AU,2021-04-21 06:39:11
226,Lasa,46.6166,10.7002,46.99,clear sky,86,0,3.44,IT,2021-04-21 06:39:12
227,Devils Lake,48.1128,-98.8651,28.99,overcast clouds,69,90,6.91,US,2021-04-21 06:39:12
228,Ribeira Grande,38.5167,-28.7,62.6,scattered clouds,88,40,13.8,PT,2021-04-21 06:39:12
229,Port Shepstone,-30.7414,30.455,69.37,few clouds,70,14,5.12,ZA,2021-04-21 06:39:13
230,Saint-Joseph,-21.3667,55.6167,78.8,light rain,83,75,11.5,RE,2021-04-21 06:39:13
231,General Escobedo,25.8167,-100.3333,68.0,clear sky,73,1,8.05,MX,2021-04-21 06:39:14
232,Bijapur,16.8333,75.7,96.48,overcast clouds,17,97,10.69,IN,2021-04-21 06:39:14
233,Kontagora,10.3999,5.4695,82.33,overcast clouds,64,98,8.16,NG,2021-04-21 06:39:14
234,Simcoe,42.8334,-80.2997,32.0,snow,93,100,2.3,CA,2021-04-21 06:34:28
235,Mangai,-4.05,19.5333,76.93,broken clouds,78,78,2.71,CD,2021-04-21 06:39:15
236,Bani Walid,31.7566,13.9942,63.05,clear sky,37,5,12.71,LY,2021-04-21 06:39:15
237,Touros,-5.1989,-35.4608,75.2,clear sky,94,0,2.3,BR,2021-04-21 06:39:16
238,Avera,33.194,-82.5271,55.99,clear sky,67,1,6.64,US,2021-04-21 06:39:16
239,Faanui,-16.4833,-151.75,81.81,few clouds,73,20,10.07,PF,2021-04-21 06:39:17
240,Kirakira,-10.4544,161.9205,81.43,overcast clouds,82,88,6.62,SB,2021-04-21 06:39:17
241,Thinadhoo,0.5333,72.9333,82.42,clear sky,64,5,4.12,MV,2021-04-21 06:39:17
242,Divnomorskoye,44.5011,38.1353,53.44,overcast clouds,80,91,4.9,RU,2021-04-21 06:39:18
243,San Jose,37.3394,-121.895,52.0,few clouds,71,20,5.75,US,2021-04-21 06:39:04
244,Lincoln,40.8,-96.667,34.0,clear sky,80,1,3.44,US,2021-04-21 06:39:18
245,Comendador,18.8775,-71.7028,68.16,overcast clouds,88,91,4.97,DO,2021-04-21 06:39:19
246,Lata,40.1629,-8.3327,57.0,overcast clouds,93,100,1.01,PT,2021-04-21 06:39:19
247,Key West,24.5557,-81.7826,80.6,few clouds,83,20,12.66,US,2021-04-21 06:35:39
248,Barcelos,41.5388,-8.6151,53.6,scattered clouds,94,40,5.75,PT,2021-04-21 06:37:34
249,Rancho Palos Verdes,33.7445,-118.387,59.0,scattered clouds,81,47,3.0,US,2021-04-21 06:39:20
250,Sisimiut,66.9395,-53.6735,19.56,few clouds,74,11,9.4,GL,2021-04-21 06:39:20
251,Portland,45.5234,-122.6762,57.99,few clouds,53,11,2.35,US,2021-04-21 06:37:19
252,Colares,38.7992,-9.4469,59.0,few clouds,94,20,2.3,PT,2021-04-21 06:39:21
253,Trelew,-43.249,-65.3051,63.66,overcast clouds,81,100,11.65,AR,2021-04-21 06:36:44
254,Mago,53.2514,140.1822,41.22,clear sky,61,10,8.19,RU,2021-04-21 06:39:21
255,Trairi,-3.2778,-39.2689,73.89,overcast clouds,91,100,2.53,BR,2021-04-21 06:39:22
256,Parkersburg,39.2667,-81.5615,44.6,few clouds,61,20,6.91,US,2021-04-21 06:39:22
257,Mulchen,-37.7167,-72.2333,53.01,overcast clouds,93,100,1.52,CL,2021-04-21 06:39:23
258,Hithadhoo,-0.6,73.0833,82.81,clear sky,63,8,4.12,MV,2021-04-21 06:39:23
259,Ulaangom,49.9811,92.0667,29.8,overcast clouds,78,100,4.74,MN,2021-04-21 06:39:23
260,Viedma,-40.8135,-62.9967,64.13,overcast clouds,79,93,18.68,AR,2021-04-21 06:35:21
261,Lazarev,52.225,141.5131,32.77,scattered clouds,91,33,5.84,RU,2021-04-21 06:39:24
262,Salym,60.0625,71.4789,35.4,clear sky,48,7,6.33,RU,2021-04-21 06:39:24
263,Kruisfontein,-34.0033,24.7314,67.84,overcast clouds,64,100,2.93,ZA,2021-04-21 06:39:25
264,Aswan,24.0934,32.907,95.2,few clouds,18,13,8.99,EG,2021-04-21 06:39:25
265,Sitka,57.0531,-135.33,44.6,overcast clouds,76,90,11.5,US,2021-04-21 06:39:25
266,Fonte Boa,-2.4959,-66.2662,72.09,overcast clouds,99,100,1.99,BR,2021-04-21 06:39:26
267,Bonthe,7.5264,-12.505,80.55,moderate rain,84,100,4.45,SL,2021-04-21 06:39:26
268,Chato,-2.6378,31.7669,68.9,overcast clouds,83,100,3.98,TZ,2021-04-21 06:39:27
269,Selma,36.5708,-119.6121,57.2,clear sky,58,1,14.97,US,2021-04-21 06:39:27
270,Tessalit,20.1986,1.0114,79.32,clear sky,8,0,5.17,ML,2021-04-21 06:39:28
271,Mayo,38.8876,-76.5119,60.01,clear sky,82,1,9.22,US,2021-04-21 06:39:28
272,Bilibino,68.0546,166.4372,26.6,clear sky,84,3,3.18,RU,2021-04-21 06:39:28
273,Palembang,-2.9167,104.7458,89.6,scattered clouds,62,40,5.75,ID,2021-04-21 06:39:29
274,Salzgitter,52.1526,10.3314,48.0,clear sky,71,0,4.61,DE,2021-04-21 06:39:29
275,Vostok,46.4856,135.8833,55.49,clear sky,21,0,12.15,RU,2021-04-21 06:39:30
276,Mantua,45.1667,10.7833,55.0,clear sky,83,5,1.99,IT,2021-04-21 06:39:30
277,Provideniya,64.3833,-173.3,32.0,clear sky,59,0,6.71,RU,2021-04-21 06:39:30
278,Noumea,-22.2763,166.4572,80.01,overcast clouds,73,90,8.05,NC,2021-04-21 06:36:02
279,Svetlyy,54.675,20.1347,46.4,clear sky,87,0,4.47,RU,2021-04-21 06:39:31
280,San Andres,12.5847,-81.7006,80.6,scattered clouds,83,40,12.66,CO,2021-04-21 06:39:32
281,Veraval,20.9,70.3667,87.12,overcast clouds,55,100,13.58,IN,2021-04-21 06:39:32
282,Beckley,37.7782,-81.1882,55.4,clear sky,50,1,8.05,US,2021-04-21 06:38:22
283,Marzuq,14.4,46.4667,85.05,scattered clouds,20,48,4.47,YE,2021-04-21 06:39:32
284,Sinop,41.7711,34.8709,55.4,clear sky,71,0,9.22,TR,2021-04-21 06:39:33
285,Sandnessjoen,66.0217,12.6316,39.2,broken clouds,75,75,13.8,NO,2021-04-21 06:39:33
286,Esperance,-33.8667,121.9,68.0,clear sky,49,0,12.66,AU,2021-04-21 06:39:34
287,Zaysan,47.4667,84.8667,33.21,light snow,66,100,5.23,KZ,2021-04-21 06:39:34
288,Guerrero Negro,27.9769,-114.0611,58.14,clear sky,84,0,11.7,MX,2021-04-21 06:39:35
289,Port Hedland,-20.3167,118.5667,91.4,clear sky,29,1,16.11,AU,2021-04-21 06:38:05
290,Carutapera,-1.195,-46.02,75.06,overcast clouds,92,100,4.29,BR,2021-04-21 06:39:35
291,Ondjiva,-17.0667,15.7333,68.54,clear sky,41,0,11.9,AO,2021-04-21 06:39:36
292,Vila Do Maio,15.1333,-23.2167,68.0,clear sky,77,0,11.5,CV,2021-04-21 06:39:36
293,Djambala,-2.5447,14.7533,73.76,overcast clouds,81,100,4.07,CG,2021-04-21 06:39:36
294,York,40.1254,-77.0,62.6,clear sky,48,1,12.66,US,2021-04-21 06:39:37
295,Bolkhov,53.4433,36.0044,37.08,overcast clouds,94,100,7.96,RU,2021-04-21 06:39:37
296,Vanavara,60.34,102.2797,25.66,overcast clouds,62,100,5.14,RU,2021-04-21 06:39:37
297,Pangnirtung,66.1451,-65.7125,17.92,overcast clouds,74,92,10.13,CA,2021-04-21 06:39:38
298,Voh,-20.9667,164.7,74.91,overcast clouds,88,94,4.65,NC,2021-04-21 06:39:38
299,Evensk,61.95,159.2333,33.98,overcast clouds,84,100,8.08,RU,2021-04-21 06:39:39
300,Rairangpur,22.2676,86.1751,102.2,haze,22,64,5.75,IN,2021-04-21 06:39:39
301,Aborlan,9.4352,118.5492,91.4,scattered clouds,49,40,13.8,PH,2021-04-21 06:39:39
302,Champerico,14.3,-91.9167,70.0,broken clouds,95,78,7.11,GT,2021-04-21 06:39:40
303,Reconquista,-29.15,-59.65,63.75,clear sky,83,6,8.52,AR,2021-04-21 06:39:40
304,Pingdu,36.7844,119.9464,57.2,light rain,44,40,11.18,CN,2021-04-21 06:39:41
305,Jardim,-21.4803,-56.1381,67.05,clear sky,59,0,3.89,BR,2021-04-21 06:39:41
306,Necochea,-38.5473,-58.7368,62.01,clear sky,92,0,7.0,AR,2021-04-21 06:39:42
307,Bathsheba,13.2167,-59.5167,78.8,scattered clouds,61,40,18.41,BB,2021-04-21 06:39:42
308,Almenara,-16.1836,-40.6944,69.85,overcast clouds,97,100,1.16,BR,2021-04-21 06:39:42
309,Kahului,20.8947,-156.47,75.2,few clouds,88,20,5.75,US,2021-04-21 06:39:43
310,Teshie,5.5836,-0.1072,80.6,clear sky,89,0,8.05,GH,2021-04-21 06:39:43
311,Tashla,51.7716,52.7427,44.38,overcast clouds,37,100,19.33,RU,2021-04-21 06:39:44
312,Sainte-Suzanne,-20.9061,55.6089,80.6,broken clouds,74,75,14.97,RE,2021-04-21 06:39:44
313,Plettenberg Bay,-34.0527,23.3716,69.1,overcast clouds,65,100,2.04,ZA,2021-04-21 06:39:44
314,Allapalli,19.4167,80.0667,104.09,broken clouds,25,61,6.42,IN,2021-04-21 06:39:45
315,Midland,31.9974,-102.0779,42.8,clear sky,52,1,9.22,US,2021-04-21 06:35:21
316,Iqaluit,63.7506,-68.5145,23.0,light snow,86,90,27.63,CA,2021-04-21 06:39:45
317,Vila Velha,-20.3297,-40.2925,75.0,clear sky,100,0,3.44,BR,2021-04-21 06:39:46
318,Padang,-0.9492,100.3543,87.8,few clouds,66,20,5.75,ID,2021-04-21 06:39:46
319,Seydi,39.4816,62.9137,68.07,clear sky,32,0,12.01,TM,2021-04-21 06:39:47
320,Shiraoi,42.55,141.35,50.0,few clouds,37,20,26.46,JP,2021-04-21 06:39:47
321,Apac,1.9756,32.5386,75.25,overcast clouds,69,100,6.42,UG,2021-04-21 06:39:47
322,Chon Daen,16.1895,100.8596,98.01,overcast clouds,49,99,2.71,TH,2021-04-21 06:39:48
323,Sao Filipe,14.8961,-24.4956,71.33,overcast clouds,75,99,12.84,CV,2021-04-21 06:39:48
324,Miraflores,19.2167,-98.8083,66.2,clear sky,27,1,2.48,MX,2021-04-21 06:39:49
325,Nome,64.5011,-165.4064,33.8,clear sky,64,1,6.91,US,2021-04-21 06:37:28
326,Taoudenni,22.6783,-3.9836,81.3,few clouds,15,11,7.96,ML,2021-04-21 06:39:49
327,Nkpor,6.1516,6.8446,80.15,overcast clouds,80,100,4.43,NG,2021-04-21 06:39:49
328,Port Elizabeth,-33.918,25.5701,60.8,overcast clouds,100,100,3.44,ZA,2021-04-21 06:39:50
329,Magadan,59.5667,150.8,33.44,light snow,92,100,15.7,RU,2021-04-21 06:39:50
330,Malakal,9.5334,31.6605,93.88,broken clouds,34,54,10.13,SS,2021-04-21 06:39:51
331,Hai Duong,20.9333,106.3167,91.4,overcast clouds,79,90,16.11,VN,2021-04-21 06:39:51
332,Ormara,25.2088,64.6357,85.66,clear sky,57,0,15.28,PK,2021-04-21 06:39:52
333,Acari,-15.4311,-74.6158,68.65,scattered clouds,87,33,2.53,PE,2021-04-21 06:39:52
334,Scarborough,54.2797,-0.4044,46.0,overcast clouds,76,95,1.99,GB,2021-04-21 06:36:16
335,Langxiang,46.95,128.8833,70.29,clear sky,18,6,8.01,CN,2021-04-21 06:39:53
336,Leua,48.2156,18.6071,54.0,few clouds,89,21,1.99,SK,2021-04-21 06:39:53
337,Vestmannaeyjar,63.4427,-20.2734,42.69,overcast clouds,71,100,8.57,IS,2021-04-21 06:39:54
338,Pitimbu,-7.4706,-34.8086,75.2,few clouds,100,20,3.44,BR,2021-04-21 06:39:54
339,Katobu,-4.9408,122.5276,82.92,overcast clouds,72,99,2.8,ID,2021-04-21 06:39:54
340,Sheridan,44.8333,-106.9173,24.01,clear sky,68,1,5.55,US,2021-04-21 06:39:55
341,Demerval Lobao,-5.3583,-42.6764,75.2,broken clouds,94,75,1.95,BR,2021-04-21 06:39:55
342,Sechura,-5.5569,-80.8222,69.94,broken clouds,76,84,13.47,PE,2021-04-21 06:39:56
343,Wuwei,37.9281,102.6414,71.89,clear sky,15,3,8.14,CN,2021-04-21 06:39:56
344,Mount Isa,-20.7333,139.5,93.2,scattered clouds,22,40,4.61,AU,2021-04-21 06:39:57
345,Constantine,36.365,6.6147,53.6,broken clouds,71,75,5.75,DZ,2021-04-21 06:39:57
346,Ambilobe,-13.2,49.05,82.76,overcast clouds,68,99,6.62,MG,2021-04-21 06:39:57
347,Acarau,-2.8856,-40.12,75.7,overcast clouds,86,100,3.69,BR,2021-04-21 06:39:58
348,Adre,13.4667,22.2,88.83,clear sky,8,6,17.72,TD,2021-04-21 06:39:58
349,Morro Bay,35.3658,-120.8499,53.01,broken clouds,89,77,5.01,US,2021-04-21 06:39:58
350,Sorong,-0.8833,131.25,84.85,few clouds,70,19,6.62,ID,2021-04-21 06:39:05
351,Pinar Del Rio,22.4175,-83.6981,74.84,overcast clouds,93,100,7.29,CU,2021-04-21 06:39:59
352,Ixtapa,20.7,-105.2,67.55,few clouds,73,15,2.84,MX,2021-04-21 06:39:59
353,San Cristobal,7.7669,-72.225,67.26,overcast clouds,72,100,1.54,VE,2021-04-21 06:40:00
354,Sterling,39.0062,-77.4286,60.8,clear sky,48,1,11.5,US,2021-04-21 06:37:18
355,Kars,40.602,43.095,55.4,broken clouds,67,75,20.71,TR,2021-04-21 06:40:00
356,Flin Flon,54.7682,-101.865,26.38,scattered clouds,81,27,4.99,CA,2021-04-21 06:40:01
357,Townsville,-19.25,146.8,80.6,light rain,83,40,10.36,AU,2021-04-21 06:40:01
358,Tautira,-17.7333,-149.15,78.8,broken clouds,78,75,2.3,PF,2021-04-21 06:40:04
359,Ilhabela,-23.7781,-45.3581,68.23,scattered clouds,87,43,5.39,BR,2021-04-21 06:38:04
360,Blackfoot,43.1905,-112.345,35.01,clear sky,57,0,3.0,US,2021-04-21 06:39:35
361,Linhares,-19.3911,-40.0722,69.13,overcast clouds,96,100,1.7,BR,2021-04-21 06:40:05
362,Aripuana,-9.1667,-60.6333,70.11,few clouds,99,24,0.69,BR,2021-04-21 06:37:12
363,Craig,40.5153,-107.5464,24.8,clear sky,54,1,5.7,US,2021-04-21 06:40:05
364,Albertville,34.2676,-86.2089,53.6,clear sky,66,1,8.05,US,2021-04-21 06:40:06
365,Charters Towers,-20.1,146.2667,77.18,overcast clouds,75,99,13.49,AU,2021-04-21 06:40:06
366,Rovaniemi,66.5,25.7167,39.2,clear sky,45,0,11.5,FI,2021-04-21 06:38:32
367,Ostrovnoy,68.0531,39.5131,37.96,clear sky,81,4,16.33,RU,2021-04-21 06:40:07
368,Ahipara,-35.1667,173.1667,63.05,overcast clouds,84,100,12.01,NZ,2021-04-21 06:40:07
369,Ornskoldsvik,63.2909,18.7153,39.2,broken clouds,87,75,4.61,SE,2021-04-21 06:40:07
370,Hastings,50.8552,0.5729,43.0,mist,93,100,6.91,GB,2021-04-21 06:37:46
371,Hirado,33.3597,129.5531,78.8,clear sky,25,0,3.44,JP,2021-04-21 06:40:08
372,Sakaiminato,35.55,133.2333,71.6,few clouds,72,20,14.97,JP,2021-04-21 06:40:09
373,The Pas,53.8251,-101.2541,30.2,clear sky,69,1,5.7,CA,2021-04-21 06:40:09
374,Bayonet Point,28.3267,-82.6834,72.0,scattered clouds,89,25,9.37,US,2021-04-21 06:40:10
375,Lazi,48.0667,24.2333,44.11,overcast clouds,90,98,3.13,UA,2021-04-21 06:40:10
376,Presidencia Roque Saenz Pena,-26.7852,-60.4388,69.01,few clouds,87,21,1.99,AR,2021-04-21 06:40:11
377,Semey,50.4111,80.2275,37.4,clear sky,22,0,13.42,KZ,2021-04-21 06:40:11
378,Rocha,-34.4833,-54.3333,63.23,clear sky,83,0,10.74,UY,2021-04-21 06:40:12
379,Elliot,-31.3333,27.85,63.9,broken clouds,44,57,10.25,ZA,2021-04-21 06:40:12
380,Camocim,-2.9022,-40.8411,74.57,overcast clouds,90,98,4.32,BR,2021-04-21 06:40:13
381,Weatherford,32.7593,-97.7972,39.99,clear sky,78,0,3.0,US,2021-04-21 06:40:13
382,Lagoa,39.05,-27.9833,61.07,overcast clouds,91,100,15.39,PT,2021-04-21 06:40:13
383,Minab,27.1467,57.0801,93.2,haze,31,0,4.61,IR,2021-04-21 06:40:14
384,Dingle,10.9995,122.6711,90.52,overcast clouds,51,100,13.94,PH,2021-04-21 06:40:14
385,Aklavik,68.2191,-135.0107,15.8,broken clouds,79,78,11.5,CA,2021-04-21 06:40:15
386,San Rafael,-34.6177,-68.3301,53.62,overcast clouds,86,100,21.63,AR,2021-04-21 06:40:15
387,Samarai,-10.6167,150.6667,84.07,overcast clouds,73,97,10.96,PG,2021-04-21 06:40:15
388,Saint-Pierre,-21.3393,55.4781,78.8,light rain,83,75,11.5,RE,2021-04-21 06:40:16
389,Batemans Bay,-35.7167,150.1833,63.0,broken clouds,61,76,1.01,AU,2021-04-21 06:40:16
390,Katsuura,35.1333,140.3,73.4,few clouds,33,20,11.5,JP,2021-04-21 06:40:17
391,Yumen,40.2833,97.2,74.34,overcast clouds,7,100,4.07,CN,2021-04-21 06:40:17
392,Goderich,43.7501,-81.7165,32.0,overcast clouds,59,100,13.8,CA,2021-04-21 06:40:17
393,Gazojak,41.1875,61.4036,60.85,clear sky,26,0,16.22,TM,2021-04-21 06:40:18
394,Zhizdra,53.746,34.7395,39.2,overcast clouds,81,90,6.71,RU,2021-04-21 06:40:18
395,Sobolivka,49.336,28.651,42.8,broken clouds,93,75,6.71,UA,2021-04-21 06:40:18
396,Ulundi,-28.3352,31.4162,71.33,clear sky,52,7,4.59,ZA,2021-04-21 06:40:19
397,Sindou,10.6667,-5.1667,79.11,overcast clouds,68,100,5.35,BF,2021-04-21 06:40:19
398,Marawi,7.9986,124.2928,82.99,overcast clouds,83,100,5.99,PH,2021-04-21 06:40:20
399,Mancio Lima,-7.6142,-72.8958,70.47,broken clouds,99,62,2.17,BR,2021-04-21 06:40:20
400,Nanga Eboko,4.6833,12.3667,71.01,overcast clouds,95,100,3.4,CM,2021-04-21 06:40:21
401,Talnakh,69.4865,88.3972,10.87,overcast clouds,80,100,3.27,RU,2021-04-21 06:40:21
402,Riyadh,24.6877,46.7219,95.0,clear sky,11,0,3.31,SA,2021-04-21 06:37:23
403,Westport,41.1415,-73.3579,52.0,clear sky,66,1,5.75,US,2021-04-21 06:40:12
404,Fengcheng,40.4536,124.0717,71.78,overcast clouds,26,100,9.66,CN,2021-04-21 06:40:22
405,Hami,42.8,93.45,79.45,overcast clouds,10,100,2.1,CN,2021-04-21 06:40:23
406,Nalut,30.3333,10.85,69.4,scattered clouds,28,38,20.85,LY,2021-04-21 06:36:23
407,Port Moresby,-9.4431,147.1797,86.0,light rain,74,40,17.27,PG,2021-04-21 06:40:23
408,Shimoda,34.6667,138.95,68.0,clear sky,60,0,5.75,JP,2021-04-21 06:40:24
409,Isangel,-19.55,169.2667,82.4,scattered clouds,83,40,9.64,VU,2021-04-21 06:40:24
410,Peniche,39.3558,-9.3811,57.0,light rain,88,100,1.01,PT,2021-04-21 06:40:24
411,Okhotsk,59.3833,143.3,31.96,overcast clouds,98,97,5.32,RU,2021-04-21 06:40:25
412,Atikokan,48.7555,-91.6216,23.47,scattered clouds,49,38,2.75,CA,2021-04-21 06:40:25
413,Jubbal,31.1167,77.6667,66.2,broken clouds,55,75,5.61,IN,2021-04-21 06:40:26
414,Rabat,33.9911,-6.8401,60.01,broken clouds,100,75,3.44,MA,2021-04-21 06:40:26
415,Kaoma,-14.7833,24.8,68.23,clear sky,57,0,11.97,ZM,2021-04-21 06:40:26
416,Lewistown,40.5992,-77.5714,50.0,broken clouds,86,72,1.99,US,2021-04-21 06:40:27
417,Luwuk,-0.9516,122.7875,83.3,broken clouds,80,51,4.07,ID,2021-04-21 06:40:27
418,Zhigansk,66.7697,123.3711,18.43,overcast clouds,72,100,3.78,RU,2021-04-21 06:40:27
419,Altay,47.8667,88.1167,41.14,overcast clouds,85,100,4.63,CN,2021-04-21 06:39:21
420,Mazagao,-0.115,-51.2894,75.2,clear sky,100,0,2.66,BR,2021-04-21 06:40:28
421,Cockburn Town,21.4612,-71.1419,77.83,few clouds,79,17,21.21,TC,2021-04-21 06:40:28
422,Egvekinot,66.3167,-179.1667,14.4,scattered clouds,83,33,1.99,RU,2021-04-21 06:40:29
423,Bela Pod Bezdezem,50.5012,14.8042,46.0,clear sky,97,7,3.94,CZ,2021-04-21 06:40:29
424,Razole,16.4833,81.8333,93.2,scattered clouds,55,40,11.5,IN,2021-04-21 06:40:30
425,North Bend,43.4065,-124.2243,48.99,overcast clouds,93,90,8.05,US,2021-04-21 06:40:30
426,Ilulissat,69.2167,-51.1,15.8,few clouds,48,11,4.61,GL,2021-04-21 06:40:30
427,Muli,2.9167,73.5667,82.47,scattered clouds,65,47,4.56,MV,2021-04-21 06:40:31
428,Selishche,56.8879,33.2691,36.52,light rain,98,100,4.43,RU,2021-04-21 06:40:31
429,Kiama,-34.6833,150.8667,66.0,few clouds,60,13,13.8,AU,2021-04-21 06:40:31
430,Ternate,0.8,127.4,84.72,overcast clouds,71,87,7.27,ID,2021-04-21 06:40:32
431,Cedar City,37.6775,-113.0619,48.0,clear sky,29,1,3.44,US,2021-04-21 06:40:32
432,Kaliua,-5.0606,31.7936,69.6,overcast clouds,80,100,7.11,TZ,2021-04-21 06:40:33
433,Byron Bay,-28.65,153.6167,80.6,clear sky,22,0,11.5,AU,2021-04-21 06:40:33
434,Bodh Gaya,24.7,84.9833,96.8,haze,21,40,4.61,IN,2021-04-21 06:40:34
435,Abha,18.2164,42.5053,73.4,clear sky,17,0,8.05,SA,2021-04-21 06:40:34
436,Upington,-28.4478,21.2561,68.0,clear sky,34,0,12.66,ZA,2021-04-21 06:40:35
437,Alice Springs,-23.7,133.8833,80.6,clear sky,13,0,8.05,AU,2021-04-21 06:36:31
438,Mogadishu,2.0371,45.3438,87.8,scattered clouds,62,40,8.05,SO,2021-04-21 06:40:35
439,Mount Gambier,-37.8333,140.7667,51.8,overcast clouds,87,90,11.5,AU,2021-04-21 06:40:36
440,Koudougou,12.25,-2.3667,86.47,overcast clouds,46,100,11.5,BF,2021-04-21 06:40:36
441,Ossora,59.2353,163.0719,32.36,overcast clouds,95,99,5.64,RU,2021-04-21 06:40:36
442,Benjamin Aceval,-24.9667,-57.5667,68.0,clear sky,88,0,5.26,PY,2021-04-21 06:40:37
443,Ingleside,27.8778,-97.2117,66.2,broken clouds,77,75,11.5,US,2021-04-21 06:40:37
444,Wamba,8.9333,8.6,81.68,overcast clouds,62,100,3.31,NG,2021-04-21 06:40:38
445,Kavaratti,10.5669,72.642,84.24,broken clouds,71,68,7.56,IN,2021-04-21 06:40:38
446,Kafanchan,9.5833,8.3,79.0,overcast clouds,58,100,2.8,NG,2021-04-21 06:40:38
447,Massakory,12.996,15.7293,88.45,overcast clouds,6,95,13.35,TD,2021-04-21 06:40:39
448,Tiznit,29.5833,-9.5,57.42,clear sky,82,0,1.86,MA,2021-04-21 06:40:39
449,Phangnga,8.4509,98.5298,93.0,light rain,70,75,9.22,TH,2021-04-21 06:40:40
450,Dong Hoi,17.4833,106.6,83.84,few clouds,78,20,11.39,VN,2021-04-21 06:40:40
451,Kristiinankaupunki,62.2743,21.376,44.6,clear sky,54,5,10.33,FI,2021-04-21 06:40:41
452,Nhulunbuy,-12.2333,136.7667,82.4,heavy intensity rain,78,75,6.91,AU,2021-04-21 06:40:41
453,Columbus,39.9612,-82.9988,33.8,snow,93,90,11.5,US,2021-04-21 06:38:53
454,Kulhudhuffushi,6.6221,73.07,84.31,overcast clouds,70,100,6.08,MV,2021-04-21 06:40:42
455,Fort Nelson,58.8053,-122.7002,51.8,few clouds,30,20,9.22,CA,2021-04-21 06:40:42
456,Tungor,53.3808,142.9564,33.37,broken clouds,88,65,8.9,RU,2021-04-21 06:40:42
457,Fayaoue,-20.65,166.5333,77.38,overcast clouds,77,100,12.55,NC,2021-04-21 06:40:43
458,Sawtell,-30.3833,153.1,73.4,clear sky,53,0,12.66,AU,2021-04-21 06:40:43
459,Kolyshley,52.7005,44.5367,41.0,overcast clouds,99,100,22.84,RU,2021-04-21 06:40:44
460,Thongwa,16.7619,96.5278,93.2,scattered clouds,55,40,6.91,MM,2021-04-21 06:40:44
461,Sweetwater,25.7634,-80.3731,78.8,overcast clouds,89,90,4.61,US,2021-04-21 06:40:44
462,Meulaboh,4.1363,96.1285,85.48,overcast clouds,67,100,7.45,ID,2021-04-21 06:40:45
463,Vartej,21.7333,72.0667,94.95,broken clouds,26,69,4.0,IN,2021-04-21 06:40:45
464,Arlit,18.7369,7.3853,90.3,clear sky,6,4,13.49,NE,2021-04-21 06:40:46
465,Novyy Urengoy,66.0833,76.6333,21.34,overcast clouds,85,100,11.25,RU,2021-04-21 06:40:46
466,Namatanai,-3.6667,152.4333,82.76,light rain,76,49,12.66,PG,2021-04-21 06:40:46
467,Khandbari,27.3747,87.2039,86.94,overcast clouds,24,93,6.4,NP,2021-04-21 06:40:47
468,Hamilton,39.1834,-84.5333,33.01,light snow,93,90,4.61,US,2021-04-21 06:37:27
469,Broome,42.2506,-75.833,37.99,light rain,80,90,10.36,US,2021-04-21 06:40:47
470,Kozyatyn,49.7143,28.8339,44.01,broken clouds,93,75,6.71,UA,2021-04-21 06:40:48
471,East Chicago,41.6392,-87.4548,34.0,overcast clouds,86,90,6.91,US,2021-04-21 06:40:48
472,Maldonado,-34.6667,-54.9167,64.4,scattered clouds,88,40,5.75,UY,2021-04-21 06:40:48
473,Bonavista,48.6499,-53.1147,35.01,overcast clouds,100,100,8.05,CA,2021-04-21 06:40:49
474,Naze,28.3667,129.4833,73.4,few clouds,60,20,17.27,JP,2021-04-21 06:40:49
475,Ambon,-3.6954,128.1814,89.6,scattered clouds,66,40,5.75,ID,2021-04-21 06:39:50
476,Birobidzhan,48.8,132.95,66.79,clear sky,19,4,9.19,RU,2021-04-21 06:40:50
477,Fuerte Olimpo,-21.0415,-57.8738,70.07,clear sky,50,0,5.44,PY,2021-04-21 06:40:50
478,Fethiye,36.6217,29.1164,64.4,clear sky,52,0,3.44,TR,2021-04-21 06:40:51
479,Navoi,40.0844,65.3792,59.0,clear sky,47,0,13.8,UZ,2021-04-21 06:40:51
480,Moerai,-22.4333,-151.3333,76.8,light rain,74,57,24.43,PF,2021-04-21 06:40:51
481,Jogindarnagar,31.9833,76.7667,62.2,overcast clouds,70,100,5.55,IN,2021-04-21 06:40:52
482,Sonoita,31.85,-112.8333,72.0,overcast clouds,15,88,1.01,MX,2021-04-21 06:40:52
483,Nouakchott,18.0858,-15.9785,64.4,scattered clouds,94,40,11.5,MR,2021-04-21 06:40:52
484,Khromtau,50.2503,58.4347,44.08,clear sky,30,8,13.8,KZ,2021-04-21 06:40:53
485,Oktyabrskoye,43.0645,44.7417,60.8,overcast clouds,63,90,8.95,RU,2021-04-21 06:40:53
486,Isla Del Bosque,22.7333,-105.85,64.4,clear sky,94,1,2.3,MX,2021-04-21 06:40:54
487,Oranjestad,12.524,-70.027,80.01,few clouds,73,20,21.85,AW,2021-04-21 06:40:54
488,Bugiri,0.5714,33.7417,74.62,light rain,74,100,9.01,UG,2021-04-21 06:40:54
489,Yamada,39.4667,141.95,57.2,clear sky,36,0,10.89,JP,2021-04-21 06:40:55
490,La Asuncion,11.0333,-63.8628,76.14,scattered clouds,80,29,13.69,VE,2021-04-21 06:40:55
491,Carndonagh,55.25,-7.2667,41.0,broken clouds,93,75,5.5,IE,2021-04-21 06:40:56
492,Moramanga,-18.9333,48.2,71.74,overcast clouds,66,93,4.9,MG,2021-04-21 06:40:56
493,Predivinsk,57.0669,93.4378,31.77,overcast clouds,55,100,5.99,RU,2021-04-21 06:40:57
494,Luis Correia,-2.8792,-41.6669,74.7,light rain,90,100,3.87,BR,2021-04-21 06:40:57
495,Sipoo,60.3775,25.2691,48.0,clear sky,61,0,6.91,FI,2021-04-21 06:40:58
496,Aneho,6.2333,1.6,82.4,scattered clouds,83,40,5.75,TG,2021-04-21 06:40:58
497,Clarence Town,-32.5833,151.7833,66.2,few clouds,45,20,9.22,AU,2021-04-21 06:40:59
498,Porto Santo,33.072,-16.3415,60.8,scattered clouds,82,40,8.05,PT,2021-04-21 06:40:59
499,Pio Xii,-3.8325,-45.1525,72.88,overcast clouds,96,100,2.84,BR,2021-04-21 06:40:59
500,Chunhuhub,19.55,-88.6833,72.41,overcast clouds,97,99,2.1,MX,2021-04-21 06:41:00
501,Piacabucu,-10.4056,-36.4344,75.34,broken clouds,92,58,8.19,BR,2021-04-21 06:41:00
502,Karratha,-20.7377,116.8463,88.86,clear sky,25,0,11.61,AU,2021-04-21 06:41:01
503,Caravelas,-17.7125,-39.2481,70.77,overcast clouds,93,100,2.86,BR,2021-04-21 06:41:01
504,Dongsheng,39.8161,109.9776,61.45,overcast clouds,45,100,10.89,CN,2021-04-21 06:41:01
505,Durham,36.0335,-78.8664,55.99,clear sky,79,0,6.91,US,2021-04-21 06:41:02
506,Chunoyar,57.4467,97.3217,30.25,overcast clouds,69,100,9.8,RU,2021-04-21 06:41:02
507,Sitges,41.2351,1.8119,55.99,overcast clouds,89,100,7.99,ES,2021-04-21 06:41:02
508,Tromso,69.6496,18.957,41.0,light rain,87,75,12.66,NO,2021-04-21 06:41:03
509,Atar,20.5169,-13.0499,73.27,clear sky,21,5,10.38,MR,2021-04-21 06:41:03
510,Sambava,-14.2667,50.1667,78.85,light rain,81,99,12.68,MG,2021-04-21 06:41:04
511,Vanimo,-2.6741,141.3028,82.8,light rain,73,100,6.08,PG,2021-04-21 06:41:04
512,Imeni Poliny Osipenko,52.4201,136.4853,49.71,clear sky,43,2,1.48,RU,2021-04-21 06:41:04
513,Tamna,44.5667,23.0167,54.0,broken clouds,75,61,8.61,RO,2021-04-21 06:41:05
514,Owerri,5.4833,7.0304,81.19,overcast clouds,80,100,3.69,NG,2021-04-21 06:41:05
515,Olafsvik,64.8945,-23.7142,40.08,overcast clouds,87,100,10.51,IS,2021-04-21 06:41:06
516,Cabatuan,10.8794,122.486,89.1,overcast clouds,54,100,12.21,PH,2021-04-21 06:41:06
517,Flinders,-34.5833,150.8552,66.0,clear sky,60,5,12.57,AU,2021-04-21 06:41:07
518,Coquimbo,-29.9533,-71.3436,59.0,broken clouds,72,75,4.61,CL,2021-04-21 06:41:07
519,Lufilufi,-13.8745,-171.5986,75.2,moderate rain,94,90,3.44,WS,2021-04-21 06:41:07
520,Makakilo City,21.3469,-158.0858,78.01,overcast clouds,69,90,6.29,US,2021-04-21 06:41:08
521,Yerbogachen,61.2767,108.0108,26.31,light snow,79,100,5.68,RU,2021-04-21 06:41:08
522,Saldanha,-33.0117,17.9442,57.2,overcast clouds,82,99,2.89,ZA,2021-04-21 06:41:08
523,Cabedelo,-6.9811,-34.8339,75.2,few clouds,100,20,3.44,BR,2021-04-21 06:41:09
524,Dubrovytsya,51.5744,26.565,47.23,overcast clouds,77,99,7.49,UA,2021-04-21 06:41:09
525,Harer,9.3094,42.1258,73.96,overcast clouds,42,96,8.72,ET,2021-04-21 06:41:10
526,Haines Junction,60.7522,-137.5108,41.0,snow,60,100,11.5,CA,2021-04-21 06:41:10
527,Miles City,46.4083,-105.8406,23.0,clear sky,74,1,5.75,US,2021-04-21 06:41:11
528,Brzeziny,51.8002,19.7514,53.01,clear sky,71,0,6.91,PL,2021-04-21 06:41:11
529,Joao Pinheiro,-17.7425,-46.1725,61.52,clear sky,65,1,4.54,BR,2021-04-21 06:41:11
530,Uray,60.1247,64.7758,47.17,broken clouds,54,79,1.41,RU,2021-04-21 06:41:12
531,Baykit,61.67,96.37,32.0,overcast clouds,75,100,4.74,RU,2021-04-21 06:41:12
532,Haimen,23.1935,116.6142,86.0,clear sky,45,0,8.95,CN,2021-04-21 06:41:12
533,Dicabisagan,17.0818,122.4157,79.9,moderate rain,86,100,7.38,PH,2021-04-21 06:41:13
534,Vysokogornyy,50.1167,139.15,36.97,scattered clouds,92,35,4.14,RU,2021-04-21 06:41:13
535,Vyazemskiy,47.5378,134.7525,64.45,clear sky,18,1,8.86,RU,2021-04-21 06:41:14
536,Lokachi,50.737,24.6494,50.0,overcast clouds,79,99,1.01,UA,2021-04-21 06:41:14
537,Sao Jose Da Coroa Grande,-8.8978,-35.1478,77.36,overcast clouds,87,85,6.91,BR,2021-04-21 06:41:14
538,Payo,-3.7508,103.6372,91.15,broken clouds,51,61,2.8,ID,2021-04-21 06:41:15
539,Raga,8.4596,25.678,86.09,overcast clouds,44,100,8.01,SS,2021-04-21 06:41:15
540,Katiola,8.1333,-5.1,73.8,overcast clouds,83,100,1.48,CI,2021-04-21 06:41:16
541,Kangaatsiaq,68.3065,-53.4641,13.15,clear sky,83,8,11.39,GL,2021-04-21 06:41:16
542,Arman,59.7,150.1667,34.72,light snow,92,100,9.31,RU,2021-04-21 06:41:16
543,Umm Lajj,25.0213,37.2685,83.73,few clouds,53,24,7.43,SA,2021-04-21 06:41:17
544,Jizan,17.3333,42.6667,89.6,scattered clouds,70,40,10.36,SA,2021-04-21 06:41:17
545,Kimbe,-5.5502,150.1429,82.53,broken clouds,77,52,2.66,PG,2021-04-21 06:41:18
546,Rio Gallegos,-51.6226,-69.2181,44.6,clear sky,76,0,14.97,AR,2021-04-21 06:41:18
547,Dzhebariki-Khaya,62.2167,135.8,28.35,overcast clouds,68,100,4.59,RU,2021-04-21 06:41:18
548,Port Hawkesbury,45.6169,-61.3485,35.01,overcast clouds,93,90,6.91,CA,2021-04-21 06:41:19
549,Valley City,46.9233,-98.0032,23.0,few clouds,93,20,8.05,US,2021-04-21 06:41:19
550,Itoman,26.1247,127.6694,75.2,broken clouds,68,75,18.41,JP,2021-04-21 06:41:19
551,Diamantino,-14.4086,-56.4461,69.69,few clouds,91,14,3.6,BR,2021-04-21 06:41:20
552,Glauchau,50.8167,12.5333,48.0,clear sky,81,0,6.91,DE,2021-04-21 06:41:20
553,Villiers,-27.0303,28.6006,60.13,clear sky,50,0,2.35,ZA,2021-04-21 06:41:21
554,Yetkul,54.8221,61.588,51.8,clear sky,22,0,6.71,RU,2021-04-21 06:41:21
555,Sinnamary,5.3833,-52.95,76.39,light rain,86,100,6.4,GF,2021-04-21 06:41:21
556,Nanakuli,21.3906,-158.1547,77.0,overcast clouds,69,90,7.65,US,2021-04-21 06:41:22
557,Balikpapan,-1.2675,116.8289,84.81,overcast clouds,65,89,8.12,ID,2021-04-21 06:41:22
558,Retz,48.7494,15.9624,50.0,few clouds,71,21,1.01,AT,2021-04-21 06:41:23
559,Puerto Madryn,-42.7692,-65.0385,64.69,overcast clouds,79,100,17.58,AR,2021-04-21 06:41:23
560,Madang,-5.2246,145.7966,83.3,broken clouds,74,59,5.06,PG,2021-04-21 06:41:23
561,Derzhavinsk,51.1,66.3167,46.47,clear sky,32,0,9.01,KZ,2021-04-21 06:41:14
562,Pahrump,36.2083,-115.9839,71.01,clear sky,21,1,11.99,US,2021-04-21 06:37:14
563,Jumla,29.2747,82.1838,51.51,overcast clouds,94,100,3.18,NP,2021-04-21 06:39:04
564,Smidovich,48.6,133.8167,64.58,clear sky,19,7,6.71,RU,2021-04-21 06:41:24
565,Shingu,33.7333,135.9833,71.6,few clouds,30,20,14.97,JP,2021-04-21 06:41:25
566,Moose Factory,51.2585,-80.6094,15.8,light snow,73,90,11.5,CA,2021-04-21 06:41:25
567,Longkou,37.6508,120.3286,52.7,light rain,64,100,14.09,CN,2021-04-21 06:41:25
568,Pecos,31.4229,-103.4932,46.4,clear sky,46,1,10.36,US,2021-04-21 06:41:26
569,Tadine,-21.55,167.8833,74.37,overcast clouds,74,90,8.28,NC,2021-04-21 06:41:27
570,Laguna,38.421,-121.4238,55.99,clear sky,71,1,5.75,US,2021-04-21 06:41:27
571,Simao,22.7886,100.9748,90.34,clear sky,13,0,7.87,CN,2021-04-21 06:41:27
572,Nador,35.174,-2.9287,64.4,clear sky,59,0,5.75,MA,2021-04-21 06:41:28
573,Yatou,37.15,122.3833,59.65,overcast clouds,40,100,10.78,CN,2021-04-21 06:41:28
574,Samfya,-11.3649,29.5565,67.51,broken clouds,75,73,10.45,ZM,2021-04-21 06:41:29
575,Dwarka,22.2394,68.9678,84.94,clear sky,60,0,12.5,IN,2021-04-21 06:38:08
576,Shu,43.5983,73.7614,41.0,light rain,75,100,1.01,KZ,2021-04-21 06:41:29
577,Mezen,65.8522,44.24,47.75,few clouds,48,23,10.02,RU,2021-04-21 06:41:30
578,Rey Bouba,8.6724,14.1786,89.96,overcast clouds,42,97,3.42,CM,2021-04-21 06:41:30
579,Two Hills,53.7169,-111.7518,35.6,clear sky,44,10,8.05,CA,2021-04-21 06:41:30
580,Saint Anthony,45.0205,-93.218,30.99,broken clouds,69,75,3.44,US,2021-04-21 06:41:31
581,Chernolesskoye,44.7156,43.7133,53.53,light rain,76,100,9.28,RU,2021-04-21 06:41:31
582,Kauhajoki,62.4333,22.1833,50.0,clear sky,53,0,6.91,FI,2021-04-21 06:41:32
583,Nuristan,35.3,70.8333,36.81,broken clouds,59,57,6.24,AF,2021-04-21 06:41:32
584,Shihezi,44.3,86.0333,63.54,clear sky,36,7,11.34,CN,2021-04-21 06:41:32
585,Jinchang,38.4953,102.1739,70.66,clear sky,14,0,9.6,CN,2021-04-21 06:41:33
586,Ramanuj Ganj,23.8,83.7,97.74,overcast clouds,17,100,10.74,IN,2021-04-21 06:41:33
587,Esna,25.2934,32.554,87.8,few clouds,33,20,3.44,EG,2021-04-21 06:41:34
588,Lipari,38.4674,14.954,60.01,broken clouds,66,77,12.3,IT,2021-04-21 06:41:34
589,Yar-Sale,66.8333,70.8333,30.33,overcast clouds,94,98,13.44,RU,2021-04-21 06:41:34
590,Bandipur,27.9333,84.4167,80.73,light rain,23,100,5.61,NP,2021-04-21 06:41:35
591,Tezu,27.9167,96.1667,95.56,clear sky,17,0,4.76,IN,2021-04-21 06:41:35
592,Cayenne,4.9333,-52.3333,78.01,light rain,100,0,6.26,GF,2021-04-21 06:41:36
593,Fochville,-26.4886,27.4939,57.99,clear sky,71,0,6.44,ZA,2021-04-21 06:41:36
594,Aurillac,44.9167,2.45,46.99,light intensity drizzle,87,90,9.22,FR,2021-04-21 06:41:36
595,Pacific Grove,36.6177,-121.9166,51.8,overcast clouds,87,90,6.91,US,2021-04-21 06:41:37
596,Hambantota,6.1241,81.1185,91.4,scattered clouds,66,40,6.91,LK,2021-04-21 06:41:37
597,Chase,50.8165,-119.6857,42.8,scattered clouds,61,45,2.3,CA,2021-04-21 06:41:38
598,Rawson,-43.3002,-65.1023,63.9,overcast clouds,80,100,15.19,AR,2021-04-21 06:40:49
599,Beloyarsk,53.4461,83.9048,33.8,few clouds,29,20,11.18,RU,2021-04-21 06:41:39
600,Mareeba,-17.0,145.4333,80.6,scattered clouds,78,40,10.36,AU,2021-04-21 06:41:39
601,Manokwari,-0.8667,134.0833,82.47,overcast clouds,74,94,5.59,ID,2021-04-21 06:41:40
602,Coromandel,-18.4733,-47.2003,56.34,clear sky,76,0,3.65,BR,2021-04-21 06:41:40
603,Margate,51.3813,1.3862,46.0,overcast clouds,89,99,3.0,GB,2021-04-21 06:41:40
604,Mingshui,36.7167,117.5,54.84,light rain,68,100,6.55,CN,2021-04-21 06:40:07
605,Tsabong,-26.0217,22.401,68.27,clear sky,34,0,15.55,BW,2021-04-21 06:41:41
606,Honiara,-9.4333,159.95,81.36,overcast clouds,84,91,2.28,SB,2021-04-21 06:41:41
607,Svetlogorsk,52.6333,29.7333,43.84,overcast clouds,75,100,4.61,BY,2021-04-21 06:41:42
608,Gat,31.61,34.7642,72.0,clear sky,45,10,1.99,IL,2021-04-21 06:37:04
609,Kjollefjord,70.9457,27.3465,42.8,clear sky,65,0,21.85,NO,2021-04-21 06:41:42
610,Aksu,41.1231,80.2644,72.39,overcast clouds,21,100,1.99,CN,2021-04-21 06:41:43
611,Ulagan,50.6321,87.9563,38.46,scattered clouds,38,48,3.98,RU,2021-04-21 06:41:43
612,Lockhart,28.6194,-81.4426,70.0,broken clouds,94,75,3.18,US,2021-04-21 06:41:43
613,Parintins,-2.6283,-56.7358,72.01,overcast clouds,97,100,0.87,BR,2021-04-21 06:41:44
614,Sarai Naurang,32.8259,70.7814,78.12,clear sky,40,0,3.58,PK,2021-04-21 06:41:44
615,Ca Mau,9.1769,105.15,89.67,overcast clouds,55,100,8.16,VN,2021-04-21 06:41:45
616,Clarksburg,39.2807,-80.3445,46.99,clear sky,71,1,6.91,US,2021-04-21 06:38:58
617,Kyrylivka,46.3759,35.3675,51.3,broken clouds,80,75,14.0,UA,2021-04-21 06:41:45
618,Beatrice,40.2681,-96.747,33.01,scattered clouds,93,40,5.75,US,2021-04-21 06:41:46
619,Synya,65.3718,58.0387,45.57,scattered clouds,75,29,6.69,RU,2021-04-21 06:41:46
620,Dudinka,69.4058,86.1778,9.52,overcast clouds,82,100,5.77,RU,2021-04-21 06:41:47
621,Coronel Vivida,-25.9797,-52.5678,56.16,clear sky,80,0,6.02,BR,2021-04-21 06:41:47
622,Kloulklubed,7.0419,134.2556,86.0,broken clouds,70,75,6.91,PW,2021-04-21 06:41:47
623,Bubaque,11.2833,-15.8333,78.12,overcast clouds,66,93,11.12,GW,2021-04-21 06:41:48
624,Mpanda,-6.3655,31.0409,69.64,overcast clouds,84,100,4.88,TZ,2021-04-21 06:41:48
625,Mitla,16.9167,-96.4,62.92,overcast clouds,85,91,3.31,MX,2021-04-21 06:41:48
626,Vytegra,61.0064,36.4481,38.79,moderate rain,73,100,9.57,RU,2021-04-21 06:41:49
627,Mongo,12.1844,18.693,93.58,overcast clouds,11,100,4.23,TD,2021-04-21 06:41:49
628,Tyrma,50.0833,132.1667,64.9,clear sky,18,0,3.89,RU,2021-04-21 06:41:50
629,Monrovia,6.3005,-10.7969,77.0,light rain,94,75,4.61,LR,2021-04-21 06:41:50
630,Kasongo,-4.45,26.6667,68.95,light rain,98,100,3.09,CD,2021-04-21 06:41:50
631,Beloha,-25.1667,45.05,78.33,clear sky,54,10,14.52,MG,2021-04-21 06:37:18
632,Raymond,43.9015,-70.4703,44.01,overcast clouds,94,100,1.79,US,2021-04-21 06:37:17
633,San Policarpo,12.1791,125.5072,87.03,overcast clouds,65,100,7.29,PH,2021-04-21 06:41:51
634,Buguruslan,53.6554,52.442,46.49,overcast clouds,31,100,20.02,RU,2021-04-21 06:41:51
635,Fairbanks,64.8378,-147.7164,39.2,clear sky,30,1,4.61,US,2021-04-21 06:41:51
636,Houma,29.5958,-90.7195,61.0,clear sky,88,1,4.61,US,2021-04-21 06:41:52
637,Turan,16.0678,108.2208,89.6,few clouds,62,20,12.66,VN,2021-04-21 06:38:08
638,Canutama,-6.5339,-64.3831,71.1,overcast clouds,99,100,2.04,BR,2021-04-21 06:41:53
639,Chinchani,19.8667,72.7,86.07,overcast clouds,59,100,11.77,IN,2021-04-21 06:41:53
640,Rosetown,51.5501,-108.0014,28.4,broken clouds,46,69,8.05,CA,2021-04-21 06:41:53
641,Moussoro,13.6408,16.4901,88.83,scattered clouds,7,38,15.77,TD,2021-04-21 06:41:54
642,Brownsville,25.9018,-97.4975,64.99,clear sky,88,1,5.57,US,2021-04-21 06:41:54
643,Turukhansk,65.8167,87.9833,25.81,scattered clouds,79,46,9.06,RU,2021-04-21 06:41:54
644,Tateyama,34.9833,139.8667,73.0,clear sky,60,0,5.75,JP,2021-04-21 06:41:55
645,Kaiyuan,23.6977,103.3037,86.59,clear sky,20,0,13.49,CN,2021-04-21 06:41:55
646,Forssa,60.8146,23.6215,45.0,overcast clouds,66,100,6.4,FI,2021-04-21 06:41:56
647,Tyler,32.3513,-95.3011,42.8,clear sky,65,1,12.66,US,2021-04-21 06:41:56
648,Verkhoyansk,67.5447,133.385,24.8,overcast clouds,66,100,4.14,RU,2021-04-21 06:41:56
649,Pouebo,-20.4,164.5667,76.42,broken clouds,85,59,6.58,NC,2021-04-21 06:41:57
650,Bara,10.3744,10.7288,86.67,overcast clouds,51,100,10.89,NG,2021-04-21 06:41:57
651,San Ramon,37.7799,-121.978,52.0,broken clouds,76,75,5.75,US,2021-04-21 06:41:58
652,Mecca,21.4267,39.8261,96.15,clear sky,20,0,9.19,SA,2021-04-21 06:41:58
653,Vilyuysk,63.7553,121.6247,23.38,overcast clouds,68,100,4.99,RU,2021-04-21 06:41:58
654,West Bay,19.3667,-81.4167,80.01,scattered clouds,76,34,1.01,KY,2021-04-21 06:41:59
655,Lola,7.8,-8.5333,71.28,overcast clouds,96,100,1.25,GN,2021-04-21 06:41:59
656,Bridgetown,13.1,-59.6167,77.58,few clouds,75,15,19.19,BB,2021-04-21 06:41:38
657,Grindavik,63.8424,-22.4338,37.4,overcast clouds,93,90,6.91,IS,2021-04-21 06:42:00
658,Fukue,32.6881,128.8419,69.8,broken clouds,43,75,5.75,JP,2021-04-21 06:42:00
659,Villa Carlos Paz,-31.4241,-64.4978,69.01,clear sky,77,0,16.11,AR,2021-04-21 06:40:24
660,Karatuzskoye,53.6072,92.8667,34.09,overcast clouds,43,100,6.69,RU,2021-04-21 06:42:01
661,Dawei,14.0833,98.2,88.43,scattered clouds,61,37,8.84,MM,2021-04-21 06:42:01
662,Port-Gentil,-0.7193,8.7815,78.8,light rain,100,40,8.84,GA,2021-04-21 06:42:02
663,Buala,-8.145,159.5921,82.17,moderate rain,79,68,3.18,SB,2021-04-21 06:42:02
664,Nizwa,22.9333,57.5333,94.75,clear sky,9,0,6.8,OM,2021-04-21 06:42:02
665,Adeje,28.1227,-16.726,66.99,few clouds,72,20,4.61,ES,2021-04-21 06:42:03
666,Tyup,42.7276,78.3648,52.54,overcast clouds,50,100,8.05,KG,2021-04-21 06:42:03
667,Svay Rieng,11.0879,105.7993,95.18,overcast clouds,41,100,6.33,KH,2021-04-21 06:42:04
668,Soc Trang,9.6033,105.98,91.4,scattered clouds,62,40,5.75,VN,2021-04-21 06:39:01
669,Samana,19.2056,-69.3369,74.44,scattered clouds,87,30,5.95,DO,2021-04-21 06:42:04
670,Sorland,67.667,12.6934,37.4,broken clouds,65,75,35.79,NO,2021-04-21 06:42:05
671,Mandali,33.7499,45.5541,97.39,overcast clouds,12,97,7.49,IQ,2021-04-21 06:42:05
672,Ayan,56.45,138.1667,34.83,clear sky,76,0,4.03,RU,2021-04-21 06:42:05
673,Oriximina,-1.7656,-55.8661,73.4,overcast clouds,94,100,1.52,BR,2021-04-21 06:37:51
674,Hobyo,5.3505,48.5268,86.49,broken clouds,64,82,10.65,SO,2021-04-21 06:42:06
675,Ubinskoye,55.3068,79.6802,32.81,overcast clouds,64,100,14.63,RU,2021-04-21 06:42:06
676,Gotsu,35.0,132.2167,66.2,scattered clouds,59,40,5.75,JP,2021-04-21 06:42:07
677,Konstantinovka,49.6167,127.9833,70.74,clear sky,21,0,14.7,RU,2021-04-21 06:42:07
678,Tskaltubo,42.3254,42.5979,53.6,moderate rain,94,90,5.75,GE,2021-04-21 06:42:07
679,Anta,25.15,76.3,93.2,dust,22,0,4.61,IN,2021-04-21 06:42:08
680,Bambanglipuro,-7.95,110.2833,85.01,clear sky,60,0,13.47,ID,2021-04-21 06:42:08
681,Coihaique,-45.5752,-72.0662,46.4,moderate rain,93,90,3.44,CL,2021-04-21 06:42:09
682,Falam,22.9167,93.6833,91.29,clear sky,9,0,2.75,MM,2021-04-21 06:42:09
683,Banda Aceh,5.5577,95.3222,86.58,overcast clouds,65,100,12.21,ID,2021-04-21 06:42:10
684,Soweto,-26.2678,27.8585,57.0,clear sky,71,1,4.88,ZA,2021-04-21 06:42:10
685,Pindushi,62.9152,34.58,42.46,overcast clouds,56,100,7.07,RU,2021-04-21 06:42:10
686,Tafresh,34.692,50.013,66.2,few clouds,42,15,6.91,IR,2021-04-21 06:42:11
687,Pelym,61.0108,61.9978,52.97,clear sky,41,6,2.53,RU,2021-04-21 06:42:11
688,Shakiso,5.75,38.9167,74.07,broken clouds,51,72,6.76,ET,2021-04-21 06:42:11
